TRUNCATE `db_news`;
insert  into `db_news`(`id`,`columnid`,`adminid`,`authorid`,`state`,`intime`,`uptime`,`indetime`,`title`,`description`,`keywords`,`weizhi`,`hits`,`indexed`,`param`,`thumb`,`slide`,`content`,`download`) values (1,1,1,'0',20,1459397348,1460527180,0,'幻灯banner1','','','',0,0,'null','/news/2016/0413/146052717540498.jpg','/news/2016/0413/146052717540498.jpg','',''),(2,1,1,'0',20,1459397348,1460527188,0,'幻灯banner1','','','',0,0,'null','/news/2016/0413/146052718428391.jpg','/news/2016/0413/146052718428391.jpg','',''),(3,1,1,'0',20,1459397348,1460527196,0,'幻灯banner3','','','',0,0,'null','/news/2016/0413/146052719224663.jpg','/news/2016/0413/146052719224663.jpg','',''),(4,1,1,'0',0,1459397348,1459397348,0,'文章1','','','',0,0,'N;','/default/style1.jpg','/default/style1.jpg','<p>文章1</p>',''),(5,1,1,'0',0,1459397348,1459397348,0,'文章2','','','',0,0,'N;','/default/style1.jpg','/default/style1.jpg','<p>文章2</p>',''),(6,1,1,'0',0,1459397348,1459397348,0,'文章3','','','',0,0,'N;','/default/style1.jpg','/default/style1.jpg','<p>文章2</p>',''),(7,1,1,'0',0,1459397348,1459397348,0,'文章4','','','',0,0,'N;','/default/style1.jpg','/default/style1.jpg','<p>文章4</p>',''),(8,1,1,'0',0,1459397348,1460521498,0,'文章5','asdsadsad','','',0,0,'null','/default/style1.jpg','/default/style1.jpg','<p>文章5</p>',''),(9,3,1,'0',0,1459397348,1459397348,0,'图文1','','','',0,0,'N;','/default/style1.jpg','/default/style1.jpg','<p>图文1</p>',''),(10,3,1,'0',0,1459397348,1459397348,0,'图文2','','','',0,0,'N;','/default/style1.jpg','/default/style1.jpg','<p>图文2</p>',''),(11,3,1,'0',0,1459397348,1459397348,0,'图文3','','','',0,0,'N;','/default/style1.jpg','/default/style1.jpg','<p>图文3</p>',''),(12,3,1,'0',0,1459397348,1459397348,0,'图文4','','','',0,0,'N;','/default/style1.jpg','/default/style1.jpg','<p>图文4</p>',''),(13,3,1,'0',0,1459397348,1460699691,0,'图文5','','','',0,0,'null','/default/style1.jpg','/default/style1.jpg','<p>图文5</p>','');
TRUNCATE `dbg_admin`;
insert  into `dbg_admin`(`id`,`groupid`,`alias`,`name`,`email`,`pwd`,`regtime`,`regip`,`logintime`,`loginip`,`disable`,`ismust`,`qq`) values (1,1,'超级管理员','dbgms','240337740@qq.com','df5f4ac8a82f15198728d19a77a8fac0',1430046372,'220.200.61.206',1461464283,'127.0.0.1',0,1,240337740),(2,2,'管理员','admin','admin','685f43c00fa531a8fad861feadb54397',1430046372,'220.200.61.206',1458704369,'192.168.0.5',0,1,0),(3,7,'-','test','test','05a671c66aefea124cc08b76ea6d30bb',1452502840,'127.0.0.1',1452502846,'127.0.0.1',0,0,0);
TRUNCATE `dbg_admin_group`;
insert  into `dbg_admin_group`(`id`,`name`,`icon`,`menu`,`disable`,`sendpm`) values (2,'管理员','','a:45:{s:9:\"content_1\";s:1:\"1\";s:11:\"base_record\";s:1:\"1\";s:9:\"base_init\";s:1:\"1\";s:9:\"base_site\";s:1:\"1\";s:8:\"base_set\";s:1:\"0\";s:10:\"base_admin\";s:1:\"1\";s:16:\"base_admin_group\";s:1:\"0\";s:14:\"base_admin_log\";s:1:\"1\";s:11:\"cms_content\";s:1:\"1\";s:10:\"cms_column\";s:1:\"1\";s:12:\"cms_fragment\";s:1:\"1\";s:12:\"cms_feedback\";s:1:\"1\";s:9:\"cms_flink\";s:1:\"1\";s:9:\"cms_album\";s:1:\"0\";s:10:\"cms_duowei\";s:1:\"0\";s:9:\"cms_model\";s:1:\"1\";s:9:\"cms_pages\";s:1:\"1\";s:10:\"erp_record\";s:1:\"0\";s:13:\"member_record\";s:1:\"0\";s:14:\"member_article\";s:1:\"0\";s:10:\"member_ask\";s:1:\"0\";s:11:\"member_shop\";s:1:\"0\";s:17:\"member_user_group\";s:1:\"0\";s:15:\"member_user_set\";s:1:\"0\";s:11:\"member_user\";s:1:\"0\";s:14:\"member_visitor\";s:1:\"0\";s:12:\"member_model\";s:1:\"0\";s:13:\"member_liuyan\";s:1:\"0\";s:14:\"member_dongtai\";s:1:\"0\";s:14:\"member_xinqing\";s:1:\"0\";s:14:\"member_payment\";s:1:\"0\";s:7:\"tool_ad\";s:1:\"0\";s:13:\"tool_autodata\";s:1:\"0\";s:10:\"tool_cache\";s:1:\"0\";s:13:\"tool_compress\";s:1:\"0\";s:13:\"tool_database\";s:1:\"0\";s:10:\"tool_files\";s:1:\"0\";s:11:\"tool_gather\";s:1:\"0\";s:13:\"tool_maintain\";s:1:\"0\";s:7:\"tool_mq\";s:1:\"0\";s:11:\"tool_plugin\";s:1:\"0\";s:14:\"tool_seo_baidu\";s:1:\"0\";s:9:\"tool_task\";s:1:\"0\";s:13:\"tool_template\";s:1:\"0\";s:9:\"tool_zhan\";s:1:\"0\";}',0,1),(4,'版主','',NULL,1,1),(3,'站长','',NULL,0,1),(7,'网站编辑','','a:45:{s:9:\"content_1\";s:1:\"1\";s:11:\"base_record\";s:1:\"1\";s:9:\"base_init\";s:1:\"1\";s:9:\"base_site\";s:1:\"0\";s:8:\"base_set\";s:1:\"0\";s:10:\"base_admin\";s:1:\"0\";s:16:\"base_admin_group\";s:1:\"0\";s:14:\"base_admin_log\";s:1:\"0\";s:11:\"cms_content\";s:1:\"1\";s:10:\"cms_column\";s:1:\"1\";s:12:\"cms_fragment\";s:1:\"1\";s:12:\"cms_feedback\";s:1:\"1\";s:9:\"cms_flink\";s:1:\"1\";s:9:\"cms_album\";s:1:\"0\";s:10:\"cms_duowei\";s:1:\"0\";s:9:\"cms_model\";s:1:\"0\";s:9:\"cms_pages\";s:1:\"0\";s:10:\"erp_record\";s:1:\"0\";s:13:\"member_record\";s:1:\"0\";s:14:\"member_article\";s:1:\"0\";s:10:\"member_ask\";s:1:\"0\";s:11:\"member_shop\";s:1:\"0\";s:17:\"member_user_group\";s:1:\"0\";s:15:\"member_user_set\";s:1:\"0\";s:11:\"member_user\";s:1:\"0\";s:14:\"member_visitor\";s:1:\"0\";s:12:\"member_model\";s:1:\"0\";s:13:\"member_liuyan\";s:1:\"0\";s:14:\"member_dongtai\";s:1:\"0\";s:14:\"member_xinqing\";s:1:\"0\";s:14:\"member_payment\";s:1:\"0\";s:7:\"tool_ad\";s:1:\"0\";s:13:\"tool_autodata\";s:1:\"0\";s:10:\"tool_cache\";s:1:\"0\";s:13:\"tool_compress\";s:1:\"0\";s:13:\"tool_database\";s:1:\"0\";s:10:\"tool_files\";s:1:\"0\";s:11:\"tool_gather\";s:1:\"0\";s:13:\"tool_maintain\";s:1:\"0\";s:7:\"tool_mq\";s:1:\"0\";s:11:\"tool_plugin\";s:1:\"0\";s:14:\"tool_seo_baidu\";s:1:\"0\";s:9:\"tool_task\";s:1:\"0\";s:13:\"tool_template\";s:1:\"0\";s:9:\"tool_zhan\";s:1:\"0\";}',0,0),(6,'频道管理员','',NULL,1,1),(5,'内容审核员','',NULL,1,1),(1,'程序员','',NULL,0,1);
TRUNCATE `dbg_column`;  
insert  into `dbg_column`(`id`,`model`,`column`,`name`,`sign`,`rank`,`content`,`uptime`,`showtype`,`property`,`disable`,`level`,`icon`,`template`,`param`) values (3,1,0,'产品中心','product',50,'',1461119176,0,1,0,1,'-','a:3:{s:7:\"channel\";s:11:\"channel.php\";s:4:\"list\";s:16:\"article_list.php\";s:7:\"content\";s:19:\"article_content.php\";}','a:16:{s:5:\"pages\";s:2:\"10\";s:6:\"expand\";s:1:\"0\";s:4:\"sort\";s:1:\"0\";s:8:\"sorttype\";s:1:\"0\";s:7:\"zhtitle\";s:0:\"\";s:13:\"zhdescription\";s:0:\"\";s:10:\"zhkeywords\";s:0:\"\";s:7:\"entitle\";s:0:\"\";s:13:\"endescription\";s:0:\"\";s:10:\"enkeywords\";s:0:\"\";s:6:\"useris\";s:1:\"1\";s:7:\"rewrite\";s:1:\"1\";s:3:\"url\";s:0:\"\";s:6:\"seourl\";s:1:\"0\";s:6:\"second\";s:0:\"\";s:8:\"template\";s:0:\"\";}'),(1,1,0,'新闻中心','news',3,'',1461119164,0,1,0,1,'-','a:3:{s:7:\"channel\";s:19:\"article_channel.php\";s:4:\"list\";s:16:\"article_list.php\";s:7:\"content\";s:19:\"article_content.php\";}','a:16:{s:5:\"pages\";s:2:\"10\";s:6:\"expand\";s:1:\"0\";s:4:\"sort\";s:1:\"0\";s:8:\"sorttype\";s:1:\"0\";s:7:\"zhtitle\";s:0:\"\";s:13:\"zhdescription\";s:0:\"\";s:10:\"zhkeywords\";s:0:\"\";s:7:\"entitle\";s:0:\"\";s:13:\"endescription\";s:0:\"\";s:10:\"enkeywords\";s:0:\"\";s:6:\"useris\";s:1:\"1\";s:7:\"rewrite\";s:1:\"1\";s:3:\"url\";s:0:\"\";s:6:\"seourl\";s:1:\"0\";s:6:\"second\";s:0:\"\";s:8:\"template\";s:0:\"\";}'),(2,1,0,'公司简介','about',2,'<p style=\"padding: 0px;list-style-type: none;text-indent: 32px;color: rgb(102, 102, 102);line-height: 33px;font-size: 14px;font-family: Arial, Helvetica, sans-serif, &#39;Microsoft YaHei&#39;, 微软雅黑;white-space: normal;background-color: white\">&nbsp; 朋友：还在担心您的产品无人问津，还在烦恼您的网站门可罗雀么？</p><p style=\"padding: 0px;list-style-type: none;text-indent: 35px;color: rgb(102, 102, 102);line-height: 33px;font-size: 14px;font-family: Arial, Helvetica, sans-serif, &#39;Microsoft YaHei&#39;, 微软雅黑;white-space: normal;background-color: white\">“好搜推广”——让你网络营销精准投放，品牌直达轻松获客。</p><p style=\"padding: 0px;list-style-type: none;text-indent: 32px;color: rgb(102, 102, 102);line-height: 33px;font-size: 14px;font-family: Arial, Helvetica, sans-serif, &#39;Microsoft YaHei&#39;, 微软雅黑;white-space: normal;background-color: white\">&nbsp;&nbsp;&nbsp;好搜推广福建营销服务中心——专注于为各中小企业（机构）和医疗健康及相关衍生行业的企业（机构）提供覆盖面广、精准投放、数字监测、较高性价比的的互联网在线广告服务。</p><p style=\"padding: 0px;list-style-type: none;text-indent: 32px;color: rgb(102, 102, 102);line-height: 33px;font-size: 14px;font-family: Arial, Helvetica, sans-serif, &#39;Microsoft YaHei&#39;, 微软雅黑;white-space: normal;background-color: white\">&nbsp; 福州快搜网络技术有限公司——好搜搜索在福州、宁德、南平地区的唯一服务商，公司将以创新的营销模式、优质的推广服务、专业的配套技术，帮助各中小企业（机构）和医疗健康及相关衍生行业的企业 （机构）把自己的产品和服务，精确地展现在目标客户面前，为企业（机构）获得可衡量的价值回报，并满足广大企业日益提升的互联网推广需求。</p><p style=\"padding: 0px;list-style-type: none;text-indent: 32px;color: rgb(102, 102, 102);line-height: 33px;font-size: 14px;font-family: Arial, Helvetica, sans-serif, &#39;Microsoft YaHei&#39;, 微软雅黑;white-space: normal;background-color: white\">&nbsp; 让搜索回归本质，让营销更有价值，我们将与您共同成长。</p><p><br/></p>',1461119156,0,2,0,1,'-','a:3:{s:7:\"channel\";s:16:\"news_channel.php\";s:4:\"list\";s:16:\"article_list.php\";s:7:\"content\";s:19:\"article_content.php\";}','a:16:{s:5:\"pages\";s:2:\"10\";s:6:\"expand\";s:1:\"0\";s:4:\"sort\";s:1:\"0\";s:8:\"sorttype\";s:1:\"0\";s:7:\"zhtitle\";s:0:\"\";s:13:\"zhdescription\";s:0:\"\";s:10:\"zhkeywords\";s:0:\"\";s:7:\"entitle\";s:0:\"\";s:13:\"endescription\";s:0:\"\";s:10:\"enkeywords\";s:0:\"\";s:6:\"useris\";s:1:\"1\";s:7:\"rewrite\";s:1:\"1\";s:3:\"url\";s:0:\"\";s:6:\"seourl\";s:1:\"0\";s:6:\"second\";s:0:\"\";s:8:\"template\";s:0:\"\";}'),(4,1,0,'联系我们','contact',50,'<p style=\"padding: 0px; list-style-type: none; text-indent: 2em; color: rgb(102, 102, 102); line-height: 33px; font-size: 14px; font-family: Arial, Helvetica, sans-serif, &#39;Microsoft YaHei&#39;, 微软雅黑; white-space: normal; background-color: rgb(255, 255, 255);\"><span style=\"margin: 0px; padding: 0px; list-style-type: none;\">360搜索福建营销服务中心</span></p><p style=\"padding: 0px; list-style-type: none; text-indent: 2em; color: rgb(102, 102, 102); line-height: 33px; font-size: 14px; font-family: Arial, Helvetica, sans-serif, &#39;Microsoft YaHei&#39;, 微软雅黑; white-space: normal; background-color: rgb(255, 255, 255);\"><span style=\"margin: 0px; padding: 0px; list-style-type: none;\">福州快搜网络技术有限公司</span></p><p style=\"padding: 0px; list-style-type: none; text-indent: 2em; color: rgb(102, 102, 102); line-height: 33px; font-size: 14px; font-family: Arial, Helvetica, sans-serif, &#39;Microsoft YaHei&#39;, 微软雅黑; white-space: normal; background-color: rgb(255, 255, 255);\"><span style=\"margin: 0px; padding: 0px; list-style-type: none;\">咨询热线：<strong style=\"margin: 0px; padding: 0px; list-style-type: none; color: rgb(255, 0, 0);\">400-8851-360</strong></span></p><p style=\"padding: 0px; list-style-type: none; text-indent: 2em; color: rgb(102, 102, 102); line-height: 33px; font-size: 14px; font-family: Arial, Helvetica, sans-serif, &#39;Microsoft YaHei&#39;, 微软雅黑; white-space: normal; background-color: rgb(255, 255, 255);\"><span style=\"margin: 0px; padding: 0px; list-style-type: none;\">传真：0591-63037800</span></p><p style=\"padding: 0px; list-style-type: none; text-indent: 2em; color: rgb(102, 102, 102); line-height: 33px; font-size: 14px; font-family: Arial, Helvetica, sans-serif, &#39;Microsoft YaHei&#39;, 微软雅黑; white-space: normal; background-color: rgb(255, 255, 255);\"><span style=\"margin: 0px; padding: 0px; list-style-type: none;\">地址：福州市鼓楼区西洪路528号印江山商务办公区F楼（空军房管局大院内）</span></p><p><br/></p>',1460521479,0,2,0,1,'-','a:3:{s:7:\"channel\";s:11:\"channel.php\";s:4:\"list\";s:8:\"list.php\";s:7:\"content\";s:19:\"article_content.php\";}','a:16:{s:5:\"pages\";s:0:\"\";s:6:\"expand\";s:1:\"0\";s:4:\"sort\";s:1:\"0\";s:8:\"sorttype\";s:1:\"0\";s:7:\"zhtitle\";s:0:\"\";s:13:\"zhdescription\";s:0:\"\";s:10:\"zhkeywords\";s:0:\"\";s:7:\"entitle\";s:0:\"\";s:13:\"endescription\";s:0:\"\";s:10:\"enkeywords\";s:0:\"\";s:6:\"useris\";s:1:\"1\";s:7:\"rewrite\";s:1:\"1\";s:3:\"url\";s:0:\"\";s:6:\"seourl\";s:1:\"0\";s:6:\"second\";s:0:\"\";s:8:\"template\";s:0:\"\";}');
TRUNCATE `dbg_config`; 
insert  into `dbg_config`(`id`,`sign`,`rank`,`type`,`key`,`name`,`value`) values (1,'base',50,1,'title','','福州快搜网络'),(2,'base',50,1,'keywords','','网站建设，网站推广'),(3,'base',50,1,'description','','网站建设，网站推广'),(4,'base',50,1,'domain','','/'),(5,'base',50,1,'copyright','','© Copyright 2015~ !'),(6,'base',50,1,'icp','','闽ICP备*****号'),(7,'base',50,1,'logo','','#'),(8,'base',50,1,'logow','',''),(9,'base',50,1,'logoh','',''),(10,'base',50,1,'isopenqq','','1'),(11,'base',50,1,'qq','','123456789'),(12,'base',50,1,'phone','','123456789'),(13,'base',50,1,'isopencnzz','','0'),(14,'base',50,1,'cnzz','',''),(15,'base',50,1,'isopensite','','0'),(16,'base',50,1,'closeinfo','',''),(17,'en',50,1,'title','',''),(18,'en',50,1,'keywords','',''),(19,'en',50,1,'description','',''),(20,'email',50,1,'smtp_host','','zxcxcv'),(21,'email',50,1,'smtp_port','','zxc'),(22,'email',50,1,'smtp_user','','zxc'),(23,'email',50,1,'smtp_pass','','zxc'),(24,'email',50,1,'name','',''),(25,'trait',50,1,'lang','','1'),(26,'trait',50,1,'dbgmscaptcha','','0'),(27,'trait',50,1,'debug','','0'),(28,'trait',50,1,'static','','0'),(29,'trait',50,1,'fcache','','1'),(30,'trait',50,1,'hcache','','0'),(31,'trait',50,1,'dbcache','','0'),(32,'trait',50,1,'cookie','',''),(33,'trait',50,1,'session','','0'),(34,'upload',50,1,'thumb','','1'),(35,'upload',50,1,'type','','1'),(36,'upload',50,1,'thumb_width','','500'),(37,'upload',50,1,'thumb_height','','500'),(38,'upload',50,1,'watermark','','1'),(39,'upload',50,1,'watermark_point','','0'),(40,'upload',50,1,'watermark_img','',''),(41,'upload',50,1,'format','',''),(42,'upload',50,1,'size','',''),(43,'upload',50,1,'path','','');
TRUNCATE `dbg_expand_content_product`; 
insert  into `dbg_expand_content_product`(`id`,`contentid`,`price`,`picshow`,`color`) values (1,17,'4899','a:4:{i:0;a:4:{s:3:\"url\";s:31:\"/upload/2013-08/15/thumb_zz.jpg\";s:8:\"original\";s:25:\"/upload/2013-08/15/zz.jpg\";s:5:\"title\";s:0:\"\";s:5:\"order\";s:1:\"0\";}i:1;a:4:{s:3:\"url\";s:31:\"/upload/2013-08/15/thumb_45.jpg\";s:8:\"original\";s:25:\"/upload/2013-08/15/45.jpg\";s:5:\"title\";s:0:\"\";s:5:\"order\";s:1:\"0\";}i:2;a:4:{s:3:\"url\";s:30:\"/upload/2013-08/15/thumb_h.jpg\";s:8:\"original\";s:24:\"/upload/2013-08/15/h.jpg\";s:5:\"title\";s:0:\"\";s:5:\"order\";s:1:\"0\";}i:3;a:4:{s:3:\"url\";s:30:\"/upload/2013-08/15/thumb_c.jpg\";s:8:\"original\";s:24:\"/upload/2013-08/15/c.jpg\";s:5:\"title\";s:0:\"\";s:5:\"order\";s:1:\"0\";}}',NULL),(3,19,'1099','a:4:{i:0;a:4:{s:3:\"url\";s:35:\"/upload/2013-08/15/thumb_A830_Q.jpg\";s:8:\"original\";s:29:\"/upload/2013-08/15/A830_Q.jpg\";s:5:\"title\";s:0:\"\";s:5:\"order\";s:1:\"0\";}i:1;a:4:{s:3:\"url\";s:35:\"/upload/2013-08/15/thumb_A830_C.jpg\";s:8:\"original\";s:29:\"/upload/2013-08/15/A830_C.jpg\";s:5:\"title\";s:0:\"\";s:5:\"order\";s:1:\"0\";}i:2;a:4:{s:3:\"url\";s:35:\"/upload/2013-08/15/thumb_A830_H.jpg\";s:8:\"original\";s:29:\"/upload/2013-08/15/A830_H.jpg\";s:5:\"title\";s:0:\"\";s:5:\"order\";s:1:\"0\";}i:3;a:4:{s:3:\"url\";s:35:\"/upload/2013-08/15/thumb_A830_D.jpg\";s:8:\"original\";s:29:\"/upload/2013-08/15/A830_D.jpg\";s:5:\"title\";s:0:\"\";s:5:\"order\";s:1:\"0\";}}','a:1:{i:0;s:1:\"2\";}'),(4,20,'123','N;','N;');
TRUNCATE `dbg_expand_model`; 
insert  into `dbg_expand_model`(`id`,`table`,`title`) values (1,'product','产品');
TRUNCATE `dbg_expand_model_field`; 
insert  into `dbg_expand_model_field`(`id`,`expandid`,`title`,`sign`,`type`,`default`,`rank`,`tip`,`verification`,`verification_msg`,`config`,`delivery`) values (1,1,'价格','price',1,'',0,'','s:1:\"*\";',NULL,'asd|asd\r\nasdasd|123\r\nvvvvv|4\r\nrrrr|5532',1),(2,1,'产品展示','picshow',1,'',0,'','s:0:\"\";',NULL,'asdasd|12\r\nasdasd|234\r\nasdasdsa|35635',1),(3,1,'颜色','color',0,'',0,'','s:0:\"\";',NULL,'白色|1\r\n黑色|2\r\n黄色|3',1);
TRUNCATE `dbg_feedback`; 
insert  into `dbg_feedback`(`id`,`userid`,`url`,`ip`,`uptime`,`info`,`content`,`browser`,`solve`,`param`) values (1,'0','http://192.168.0.5/ci31/zh/feedback/','192.168.0.5',1459396876,'','asd','Mozilla/5.0 (Windows NT 6.1; WOW64) AppleWebKit/537.36 (KHTML, like Gecko) Chrome/38.0.2125.122 Safari/537.36 SE 2.X MetaSr 1.0',0,'a:2:{s:4:\"name\";s:3:\"sad\";s:5:\"email\";s:16:\"240337740@qq.com\";}'),(3,'0','http://192.168.0.5/ci31/zh/feedback/','192.168.0.5',1459406034,'','adsad','Mozilla/5.0 (Windows NT 6.1; WOW64) AppleWebKit/537.36 (KHTML, like Gecko) Chrome/38.0.2125.122 Safari/537.36 SE 2.X MetaSr 1.0',0,'a:2:{s:4:\"name\";s:6:\"asdasd\";s:5:\"email\";s:16:\"240337740@qq.com\";}');
TRUNCATE `dbg_flink`; 
insert  into `dbg_flink`(`id`,`type`,`title`,`link`,`uptime`,`info`,`icon`) values (2,0,'福州快搜网络','http://www.kuaisou360.com/',1459397086,'','###'),(1,0,'DbgMs管理系统','http://www.dbgms.cn',1459397105,'','###');
 TRUNCATE `dbg_form`;
insert  into `dbg_form`(`id`,`name`,`table`,`display`,`verify`,`release`,`page`,`tpl`,`order`,`where`,`return_msg`,`return_url`) values (2,'留言板','guestbook',1,1,1,10,'guestbook.html','id desc','status=1','表单提交成功！',''),(3,'zhuanti_1111_选择','zhuanti_jnh',0,0,0,10,'','id desc','','表单提交成功','');
TRUNCATE `dbg_form_field`; 
insert  into `dbg_form_field`(`id`,`fid`,`name`,`field`,`type`,`default`,`sequence`,`tip`,`verification`,`verification_msg`,`config`,`list_display`) values (4,2,'昵称','name',1,'',1,'','s:1:\"s\";',NULL,'',1),(5,2,'邮箱','email',1,'s',2,'','s:0:\"\";',NULL,'',1),(6,2,'内容','content',3,'',3,'','s:0:\"\";',NULL,'s',1),(7,2,'时间','time',7,'',4,'',NULL,NULL,'',1),(12,2,'网址','http',1,'',0,'',NULL,NULL,'',0),(13,2,'管理员回复','reply',2,'',0,'',NULL,NULL,'',0),(14,2,'审核','status',8,'0',0,'','s:0:\"\";',NULL,'审核|1\r\n未审核|0',1),(15,3,'存储ip','ip',1,'',0,'','s:0:\"\";',NULL,'',1),(16,3,'时间','intime',1,'',0,'','s:0:\"\";',NULL,'',0),(17,3,'套餐','info_taocan',1,'',0,'套餐','s:0:\"\";',NULL,'',1),(18,3,'名字','info_name',1,'',0,'名字','s:0:\"\";',NULL,'',1),(19,3,'公司','info_company',1,'',0,'公司','s:0:\"\";',NULL,'',1),(20,3,'手机号码','info_phone',1,'',0,'手机号码','s:0:\"\";',NULL,'',1),(21,3,'是否中奖','isok',1,'',0,'是否中奖','s:0:\"\";',NULL,'',1),(22,3,'中奖号','num',1,'',0,'','s:0:\"\";',NULL,'',1),(23,3,'城市','city',1,'',0,'','s:0:\"\";',NULL,'',1);
TRUNCATE `dbg_fragment`;
insert  into `dbg_fragment`(`id`,`sign`,`title`,`intime`,`uptime`,`content`,`disable`) values (1,'普通','DbgMs公告',1458204632,1460366520,'<p><span style=\"color: rgb(102, 102, 102); font-family: 微软雅黑, Arial, Helvetica, sans-serif; font-size: 12px; line-height: 22px; background-color: rgb(255, 255, 255);\">&nbsp; </span><span style=\"font-size: 14px;\"><span style=\"color: rgb(102, 102, 102); font-family: 微软雅黑, Arial, Helvetica, sans-serif; line-height: 22px; background-color: rgb(255, 255, 255);\">&nbsp; &nbsp;[ 欢迎使用DbgMs管理系统 ]</span><br style=\"color: rgb(102, 102, 102); font-family: 微软雅黑, Arial, Helvetica, sans-serif; font-size: 12px; line-height: 22px; white-space: normal; background-color: rgb(255, 255, 255);\"/><span style=\"color: rgb(102, 102, 102); font-family: 微软雅黑, Arial, Helvetica, sans-serif; line-height: 22px; background-color: rgb(255, 255, 255);\">&nbsp;&nbsp;&nbsp;&nbsp;&nbsp;DbgMs 是一款针对中小企业所开发的专业网站管理系统。</span></span></p><p><span style=\"font-size: 14px;\"><span style=\"color: rgb(102, 102, 102); font-family: 微软雅黑, Arial, Helvetica, sans-serif; line-height: 22px; background-color: rgb(255, 255, 255);\">&nbsp; &nbsp; 支持企业<span style=\"color: rgb(102, 102, 102); font-family: 微软雅黑, Arial, Helvetica, sans-serif; font-size: 14px; line-height: 22px; background-color: rgb(255, 255, 255);\">站点，</span>门户<span style=\"color: rgb(102, 102, 102); font-family: 微软雅黑, Arial, Helvetica, sans-serif; font-size: 14px; line-height: 22px; background-color: rgb(255, 255, 255);\">站点</span>，会员<span style=\"color: rgb(102, 102, 102); font-family: 微软雅黑, Arial, Helvetica, sans-serif; font-size: 14px; line-height: 22px; background-color: rgb(255, 255, 255);\">站点</span>，电商站点</span></span></p>',0),(2,'普通','底部碎片',1461220974,1461220974,'<p class=\"cp\" style=\"margin-top: 0px; margin-bottom: 0px; padding: 0px; color: rgb(102, 102, 102); font-family: 微软雅黑, Arial, Helvetica, sans-serif; font-size: 12px; line-height: 24px; text-align: center; white-space: normal;\">© Copyright 2015~ ! &nbsp;<a href=\"http://www.miitbeian.gov.cn/\" target=\"_blank\" style=\"text-decoration: none; color: rgb(102, 102, 102); margin-right: 10px; margin-left: 10px;\">闽ICP备*****号</a></p><p class=\"cp\" style=\"margin-top: 0px; margin-bottom: 0px; padding: 0px; color: rgb(102, 102, 102); font-family: 微软雅黑, Arial, Helvetica, sans-serif; font-size: 12px; line-height: 24px; text-align: center; white-space: normal;\">网站推广&nbsp;|&nbsp;网站建设&nbsp;：<strong><a href=\"http://www.kuaisou360.com/\" target=\"_blank\" style=\"text-decoration: none; color: rgb(102, 102, 102); margin-right: 10px; margin-left: 10px;\">福州快搜网络技术有限公司</a></strong>&nbsp;&nbsp;咨询热线：400-8851-360.</p><p><br/></p>',0);
TRUNCATE `dbg_model`; 
insert  into `dbg_model`(`id`,`rank`,`name`,`sign`,`table`,`install`,`disable`,`template`,`must`,`param`,`diyfield`) values (6,0,'商品','shop','db_shop',0,1,'无',1,'a:9:{s:7:\"iscache\";s:1:\"1\";s:10:\"cache_open\";s:1:\"1\";s:10:\"state_open\";s:1:\"0\";s:13:\"comment_table\";s:15:\"db_shop_comment\";s:12:\"comment_open\";s:1:\"0\";s:13:\"comment_guest\";s:1:\"0\";s:13:\"comment_state\";s:1:\"0\";s:15:\"comment_captcha\";s:1:\"0\";s:7:\"isclick\";s:1:\"0\";}','a:8:{i:0;a:4:{s:4:\"name\";s:9:\"缩略图\";s:5:\"field\";s:5:\"thumb\";s:4:\"type\";s:4:\"file\";s:7:\"defualt\";s:0:\"\";}i:1;a:4:{s:4:\"name\";s:6:\"大图\";s:5:\"field\";s:4:\"datu\";s:4:\"type\";s:4:\"file\";s:7:\"defualt\";s:0:\"\";}i:2;a:4:{s:4:\"name\";s:6:\"图集\";s:5:\"field\";s:4:\"imgs\";s:4:\"type\";s:9:\"swfupload\";s:7:\"defualt\";s:0:\"\";}i:3;a:7:{s:4:\"name\";s:12:\"产品详情\";s:5:\"field\";s:7:\"content\";s:7:\"disable\";s:1:\"0\";s:4:\"type\";s:7:\"ueditor\";s:7:\"default\";s:0:\"\";s:4:\"help\";s:0:\"\";s:9:\"starfield\";s:7:\"content\";}i:4;a:6:{s:4:\"name\";s:6:\"单价\";s:5:\"field\";s:5:\"price\";s:7:\"disable\";s:1:\"0\";s:4:\"type\";s:6:\"number\";s:7:\"default\";s:0:\"\";s:4:\"help\";s:0:\"\";}i:5;a:6:{s:4:\"name\";s:6:\"品牌\";s:5:\"field\";s:5:\"brand\";s:7:\"disable\";s:1:\"0\";s:4:\"type\";s:4:\"text\";s:7:\"default\";s:0:\"\";s:4:\"help\";s:0:\"\";}i:6;a:8:{s:4:\"name\";s:7:\"品牌2\";s:5:\"field\";s:7:\"pinpai2\";s:7:\"disable\";s:1:\"0\";s:4:\"type\";s:8:\"relation\";s:7:\"default\";s:0:\"\";s:5:\"param\";s:0:\"\";s:4:\"help\";s:0:\"\";s:10:\"relationid\";s:2:\"12\";}i:7;a:7:{s:4:\"name\";s:12:\"城市选择\";s:5:\"field\";s:4:\"city\";s:7:\"disable\";s:1:\"0\";s:4:\"type\";s:4:\"city\";s:7:\"default\";s:0:\"\";s:5:\"param\";s:0:\"\";s:4:\"help\";s:0:\"\";}}'),(1,50,'文章内容','news','db_news',1,0,'无',1,'a:9:{s:7:\"iscache\";s:1:\"1\";s:10:\"cache_open\";s:1:\"0\";s:10:\"state_open\";s:1:\"0\";s:13:\"comment_table\";i:0;s:12:\"comment_open\";s:1:\"1\";s:13:\"comment_guest\";s:1:\"1\";s:13:\"comment_state\";s:1:\"0\";s:15:\"comment_captcha\";s:1:\"1\";s:7:\"isclick\";s:1:\"0\";}','a:4:{i:0;a:8:{s:4:\"name\";s:9:\"封面图\";s:5:\"field\";s:5:\"thumb\";s:7:\"disable\";s:1:\"0\";s:4:\"type\";s:4:\"file\";s:7:\"default\";s:0:\"\";s:4:\"help\";s:0:\"\";s:10:\"relationid\";s:1:\"1\";s:9:\"starfield\";s:5:\"thumb\";}i:1;a:4:{s:4:\"name\";s:6:\"大图\";s:5:\"field\";s:5:\"slide\";s:4:\"type\";s:4:\"file\";s:7:\"defualt\";s:0:\"\";}i:2;a:7:{s:4:\"name\";s:6:\"内容\";s:5:\"field\";s:7:\"content\";s:7:\"disable\";s:1:\"0\";s:4:\"type\";s:7:\"ueditor\";s:7:\"default\";s:0:\"\";s:4:\"help\";s:0:\"\";s:9:\"starfield\";s:7:\"content\";}i:3;a:7:{s:4:\"name\";s:12:\"文件下载\";s:5:\"field\";s:8:\"download\";s:7:\"disable\";s:1:\"0\";s:4:\"type\";s:8:\"download\";s:7:\"default\";s:0:\"\";s:5:\"param\";s:0:\"\";s:4:\"help\";s:0:\"\";}}'),(3,0,'视频','video','db_video',0,1,'无',1,'a:4:{s:7:\"iscache\";s:1:\"0\";s:9:\"iscomment\";s:1:\"0\";s:9:\"isexamine\";s:1:\"0\";s:7:\"isclick\";s:1:\"0\";}','a:0:{}'),(5,0,'软件','apps','db_app',0,1,'无',1,'1',''),(4,0,'音乐','music','db_music',0,1,'无',1,'a:4:{s:7:\"iscache\";s:1:\"0\";s:9:\"iscomment\";s:1:\"0\";s:9:\"isexamine\";s:1:\"0\";s:7:\"isclick\";s:1:\"0\";}','a:0:{}'),(2,123,'图库','tu','db_tu',0,1,'无',1,'a:9:{s:7:\"iscache\";s:1:\"0\";s:10:\"cache_open\";s:1:\"0\";s:10:\"state_open\";s:1:\"0\";s:13:\"comment_table\";i:0;s:12:\"comment_open\";s:1:\"1\";s:13:\"comment_guest\";s:1:\"1\";s:13:\"comment_state\";s:1:\"0\";s:15:\"comment_captcha\";s:1:\"0\";s:7:\"isclick\";s:1:\"0\";}','a:3:{i:0;a:4:{s:4:\"name\";s:9:\"封面图\";s:5:\"field\";s:5:\"thumb\";s:4:\"type\";s:4:\"file\";s:7:\"defualt\";s:0:\"\";}i:1;a:7:{s:4:\"name\";s:6:\"图集\";s:5:\"field\";s:4:\"imgs\";s:7:\"disable\";s:1:\"0\";s:4:\"type\";s:9:\"swfupload\";s:7:\"default\";s:0:\"\";s:4:\"help\";s:0:\"\";s:9:\"starfield\";s:4:\"imgs\";}i:2;a:7:{s:4:\"name\";s:12:\"关联文章\";s:5:\"field\";s:6:\"newsid\";s:7:\"disable\";s:1:\"0\";s:4:\"type\";s:8:\"relation\";s:7:\"default\";s:0:\"\";s:4:\"help\";s:0:\"\";s:10:\"relationid\";s:1:\"1\";}}'),(7,0,'用户提问','ask','db_ask',0,1,'无',0,'a:5:{s:7:\"iscache\";s:1:\"1\";s:10:\"cache_open\";s:1:\"0\";s:10:\"state_open\";s:1:\"0\";s:13:\"comment_table\";s:14:\"db_ask_comment\";s:7:\"isclick\";s:1:\"0\";}','a:4:{i:0;a:7:{s:4:\"name\";s:18:\"文章状态推荐\";s:5:\"field\";s:9:\"zhuangtai\";s:7:\"disable\";s:1:\"0\";s:4:\"type\";s:8:\"checkbox\";s:7:\"default\";s:0:\"\";s:5:\"param\";s:29:\"1|精\r\n2|置顶\r\n3|热\r\n4|图\";s:4:\"help\";s:0:\"\";}i:1;a:8:{s:4:\"name\";s:9:\"封面图\";s:5:\"field\";s:5:\"thumb\";s:7:\"disable\";s:1:\"0\";s:4:\"type\";s:4:\"file\";s:7:\"default\";s:0:\"\";s:5:\"param\";s:0:\"\";s:4:\"help\";s:0:\"\";s:9:\"starfield\";s:5:\"thumb\";}i:2;a:8:{s:4:\"name\";s:6:\"大图\";s:5:\"field\";s:5:\"slide\";s:7:\"disable\";s:1:\"0\";s:4:\"type\";s:4:\"file\";s:7:\"default\";s:0:\"\";s:5:\"param\";s:0:\"\";s:4:\"help\";s:0:\"\";s:9:\"starfield\";s:5:\"slide\";}i:3;a:6:{s:4:\"name\";s:6:\"内容\";s:5:\"field\";s:7:\"content\";s:7:\"disable\";s:1:\"0\";s:4:\"type\";s:7:\"ueditor\";s:7:\"default\";s:0:\"\";s:4:\"help\";s:0:\"\";}}'),(8,0,'用户文章','article','db_article',0,1,'无',0,'a:4:{s:7:\"iscache\";s:1:\"0\";s:9:\"iscomment\";s:1:\"0\";s:9:\"isexamine\";s:1:\"0\";s:7:\"isclick\";s:1:\"0\";}','a:3:{i:0;a:8:{s:4:\"name\";s:9:\"封面图\";s:5:\"field\";s:5:\"thumb\";s:7:\"disable\";s:1:\"0\";s:4:\"type\";s:4:\"file\";s:7:\"default\";s:0:\"\";s:5:\"param\";s:0:\"\";s:4:\"help\";s:0:\"\";s:9:\"starfield\";s:5:\"thumb\";}i:1;a:8:{s:4:\"name\";s:6:\"大图\";s:5:\"field\";s:5:\"slide\";s:7:\"disable\";s:1:\"0\";s:4:\"type\";s:4:\"file\";s:7:\"default\";s:0:\"\";s:5:\"param\";s:0:\"\";s:4:\"help\";s:0:\"\";s:9:\"starfield\";s:5:\"slide\";}i:2;a:6:{s:4:\"name\";s:6:\"内容\";s:5:\"field\";s:7:\"content\";s:7:\"disable\";s:1:\"0\";s:4:\"type\";s:7:\"ueditor\";s:7:\"default\";s:0:\"\";s:4:\"help\";s:0:\"\";}}');
TRUNCATE `dbg_pages`; 
TRUNCATE `dbg_tags`; 
insert  into `dbg_tags`(`id`,`cid`,`title`,`click`,`quote`) values (1,0,'杨元庆',1,1),(2,0,'二季度',1,1),(3,0,'净利润',1,1),(4,0,'总经理',1,2),(5,0,'互联网',1,4),(6,0,'媒体报道',1,1),(7,0,'搜索引擎',1,1),(8,0,'个性化',1,2),(9,0,'搜索结果',1,5),(10,0,'台式电脑',1,1),(75,0,'流程化',1,1),(74,0,'自动化',1,1),(73,0,'阿里巴巴',1,1),(72,0,'成从武',1,4),(16,0,'吕再峰',1,1),(17,0,'联想集团',1,1),(18,0,'中小企业',1,1),(19,0,'服务业',1,1),(20,0,'智能家居',1,1),(21,0,'路由器',1,1),(22,0,'红外线',1,1),(23,0,'远程控制',1,1),(24,0,'coursera',1,1),(25,0,'创始人',1,1),(26,0,'一部分',1,1),(27,0,'多语种',1,1),(28,0,'合作伙伴',1,2),(29,0,'英语翻译',1,1),(81,0,'近在眼前',1,1),(80,0,'中国联通',1,1),(79,0,'诺基亚',1,1),(33,0,'发布会',1,3),(78,0,'会议室',1,1),(77,0,'起跑线',1,1),(36,0,'设计师',1,1),(37,0,'美国专利局',1,1),(38,0,'消费者',1,1),(41,0,'长期性',1,1),(42,0,'真实性',1,1),(85,0,'三星',1,1),(84,0,'专利局',1,1),(83,0,'设计图',1,1),(82,0,'GALAXY',1,1),(92,0,'成本',1,1),(91,0,'Siri',1,1),(90,0,'分析师',1,1),(89,0,'iPhone',1,1),(53,0,'网易手机',1,1),(54,0,'水立方',1,1),(55,0,'邀请函',1,1),(64,0,'3G手机',1,3),(63,0,'联通3G',1,6),(62,0,'智能手机',1,6),(61,0,'三星GALAXY',1,1),(65,0,'手机类型',1,3),(67,0,'手机客户端',1,4),(88,0,'音乐手机',1,1),(87,0,'拍照手机',1,1),(76,0,'商业化',1,1),(86,0,'美国',1,1),(93,0,'苹果',1,1);
TRUNCATE `dbg_user`;
TRUNCATE `dbgms_base_modules`; 
insert  into `dbgms_base_modules`(`id`,`name`,`sign`,`intime`,`disable`,`isactive`,`install`,`testdata`,`authcode`,`moban`,`taocan`) values (1,'BASE基础系统模块','base',0,0,1,1,0,'',NULL,NULL),(2,'CMS内容管理系统 ','cms',0,0,1,1,0,'',NULL,NULL),(3,'ERP资源管理系统','erp',0,0,1,0,1,'',NULL,NULL),(4,'MEMBER会员系统','member',0,0,1,0,1,'',NULL,NULL),(5,'TOOL扩展工具','tool',0,0,1,0,1,'',NULL,NULL),(6,'TLive直播系统','live',0,0,1,0,1,'',NULL,NULL),(7,'SERVICE客服系统','service',0,0,1,0,1,'',NULL,NULL),(8,'WEIXIN微信公众号开发','weixin',0,0,1,0,1,'',NULL,NULL);
 